;OPERATEUR;ANNEE;FILIERE;CODE_IRIS;NOM_COMMUNE;ADRESSE;CODE_GRAND_SECTEUR;CONSO;PDL
406310;Enedis;2019;E;770540000;LA BROSSE-MONTCEAUX;33 RUE DE LA VALLEE;T;8,911819e+01;1
408716;Enedis;2019;E;771330000;COURCELLES-EN-BASSÃ‰E;8 RUE DE LA PEPINIERE;T;1,551800e+01;1
409219;Enedis;2019;E;771580000;DIANT;1 RUE AUX MOINES;A;1,885288e+01;1
409378;Enedis;2019;E;771720000;ESMANS;12 RUE DE MONTEREAU;A;8,015374e+01;1
409866;Enedis;2019;E;771940000;FORGES;2 RUE DE SALINS;T;7,149455e+01;1
409867;RTE;2019;E;771940000;FORGES;NON RENSEIGNE;T;7,819715e+04;1
409883;Enedis;2019;E;772100000;LA GRANDE-PAROISSE;5 RUE DES CROCS;I;8,003555e+01;1
409884;Enedis;2019;E;772100000;LA GRANDE-PAROISSE;21 RUE DE LA GARENNE;R;5,555390e+01;11
409885;Enedis;2019;E;772100000;LA GRANDE-PAROISSE;19 GRANDE RUE;T;1,041794e+02;1
409886;Enedis;2019;E;772100000;LA GRANDE-PAROISSE;2 RUE DES CROCS;T;6,280400e+01;1
410422;Enedis;2019;E;772450000;LAVAL-EN-BRIE;38 RUE DE LA FONTAINE DE L ERABLE;I;1,314940e+02;1
411010;Enedis;2019;E;772790000;MAROLLES-SUR-SEINE;20 PASSAGE DU CHARRON;T;2,240990e+01;1
411011;Enedis;2019;E;772790000;MAROLLES-SUR-SEINE;22 RUE DE LA CROIX SAINT JACQUES;T;1,029238e+02;1
411012;Enedis;2019;E;772790000;MAROLLES-SUR-SEINE;4 RUE DES TAUPES;T;1,232181e+02;1
412704;Enedis;2019;E;772930000;MISY-SUR-YONNE;15 RUE NEUVE;R;5,673754e+01;16
412705;Enedis;2019;E;772930000;MISY-SUR-YONNE;4 RUE DE L EGLISE;T;1,491872e+01;1
413023;Enedis;2019;E;773050101;MONTEREAU-FAULT-YONNE;3 RUE DE LA MAISON GARNIER;I;9,183800e+01;1
413024;Enedis;2019;E;773050101;MONTEREAU-FAULT-YONNE;5 PLACE DIDEROT;R;1,944521e+01;14
413025;Enedis;2019;E;773050101;MONTEREAU-FAULT-YONNE;3 AVENUE DE LA LIBERTE;R;2,820238e+01;11
413026;Enedis;2019;E;773050101;MONTEREAU-FAULT-YONNE;13 RUE PAUL CLAUDEL;R;1,966402e+01;10
413027;Enedis;2019;E;773050101;MONTEREAU-FAULT-YONNE;15 PLACE DIDEROT;R;2,349989e+01;15
413028;Enedis;2019;E;773050101;MONTEREAU-FAULT-YONNE;11 RUE PAUL CLAUDEL;R;2,128174e+01;10
413029;Enedis;2019;E;773050101;MONTEREAU-FAULT-YONNE;8 RUE GUY BONIFACE;R;2,515524e+01;15
413030;Enedis;2019;E;773050101;MONTEREAU-FAULT-YONNE;6 RUE GUY BONIFACE;R;4,143116e+01;15
413031;Enedis;2019;E;773050101;MONTEREAU-FAULT-YONNE;2 RUE DES ROSIERS;R;5,280371e+01;20
413032;Enedis;2019;E;773050101;MONTEREAU-FAULT-YONNE;5 RUE DES ROSIERS;R;7,160235e+01;22
413033;Enedis;2019;E;773050101;MONTEREAU-FAULT-YONNE;3 RUE DES ROSIERS;R;5,527350e+01;20
413034;Enedis;2019;E;773050101;MONTEREAU-FAULT-YONNE;11 PLACE DIDEROT;R;2,636779e+01;21
413035;Enedis;2019;E;773050101;MONTEREAU-FAULT-YONNE;4 RUE GUY BONIFACE;R;2,775375e+01;16
413036;Enedis;2019;E;773050101;MONTEREAU-FAULT-YONNE;1 RUE DES ROSIERS;R;5,498641e+01;20
413037;Enedis;2019;E;773050101;MONTEREAU-FAULT-YONNE;1 PLACE DIDEROT;R;2,746673e+01;22
413038;Enedis;2019;E;773050101;MONTEREAU-FAULT-YONNE;5 AVENUE DE LA LIBERTE;R;2,339672e+01;13
413039;Enedis;2019;E;773050101;MONTEREAU-FAULT-YONNE;4 RUE DES ROSIERS;R;7,287877e+01;25
413040;Enedis;2019;E;773050101;MONTEREAU-FAULT-YONNE;17 PLACE DIDEROT;R;2,937781e+01;22
413041;Enedis;2019;E;773050101;MONTEREAU-FAULT-YONNE;14 RUE DES SABLONS;R;1,262514e+02;39
413042;Enedis;2019;E;773050101;MONTEREAU-FAULT-YONNE;3 PLACE DIDEROT;R;3,242622e+01;23
413043;Enedis;2019;E;773050101;MONTEREAU-FAULT-YONNE;2 RUE GUY BONIFACE;R;2,785171e+01;12
413044;Enedis;2019;E;773050101;MONTEREAU-FAULT-YONNE;3 RUE PAUL CLAUDEL;R;1,900049e+01;10
413045;Enedis;2019;E;773050101;MONTEREAU-FAULT-YONNE;31 AVENUE DE SURVILLE;R;1,938452e+02;23
413046;Enedis;2019;E;773050101;MONTEREAU-FAULT-YONNE;13 PLACE DIDEROT;R;2,703443e+01;15
413047;Enedis;2019;E;773050101;MONTEREAU-FAULT-YONNE;5 RUE PAUL CLAUDEL;R;1,321515e+01;10
413048;Enedis;2019;E;773050101;MONTEREAU-FAULT-YONNE;19 RUE PAUL CLAUDEL;R;1,773035e+01;10
413049;Enedis;2019;E;773050101;MONTEREAU-FAULT-YONNE;7 PLACE DIDEROT;R;3,806798e+01;15
413050;Enedis;2019;E;773050101;MONTEREAU-FAULT-YONNE;25 AVENUE DE SURVILLE;T;4,754334e+01;1
413051;Enedis;2019;E;773050101;MONTEREAU-FAULT-YONNE;9 RUE ROBERTE BOUCHER;T;6,300771e+01;1
413052;Enedis;2019;E;773050102;MONTEREAU-FAULT-YONNE;16 BOULEVARD DIDEROT;R;2,425651e+01;12
413053;Enedis;2019;E;773050102;MONTEREAU-FAULT-YONNE;8 RUE PAUL LANGEVIN;R;1,859706e+01;10
413054;Enedis;2019;E;773050102;MONTEREAU-FAULT-YONNE;14 RUE PAUL LANGEVIN;R;1,987742e+01;10
413055;Enedis;2019;E;773050102;MONTEREAU-FAULT-YONNE;3 RUE LOUIS BRAILLE;R;1,973494e+01;10
413056;Enedis;2019;E;773050102;MONTEREAU-FAULT-YONNE;18 BOULEVARD DIDEROT;R;2,631942e+01;14
413057;Enedis;2019;E;773050102;MONTEREAU-FAULT-YONNE;1 RUE LOUIS BRAILLE;R;2,311652e+01;10
413058;Enedis;2019;E;773050102;MONTEREAU-FAULT-YONNE;5 RUE LOUIS BRAILLE;R;2,255034e+01;10
413059;Enedis;2019;E;773050102;MONTEREAU-FAULT-YONNE;16 RUE PAUL LANGEVIN;R;1,604886e+01;10
413060;Enedis;2019;E;773050102;MONTEREAU-FAULT-YONNE;2 RUE PAUL LANGEVIN;R;2,000107e+01;12
413061;Enedis;2019;E;773050102;MONTEREAU-FAULT-YONNE;4 RUE PAUL LANGEVIN;R;2,040280e+01;12
413062;Enedis;2019;E;773050102;MONTEREAU-FAULT-YONNE;10 RUE PAUL LANGEVIN;R;1,830577e+01;10
413063;Enedis;2019;E;773050103;MONTEREAU-FAULT-YONNE;1 AVENUE LAENNEC;R;3,478999e+01;10
413064;Enedis;2019;E;773050103;MONTEREAU-FAULT-YONNE;50 SQUARE BEAUMARCHAIS;R;3,572932e+01;12
413065;Enedis;2019;E;773050103;MONTEREAU-FAULT-YONNE;14 RUE RACINE;R;2,631664e+01;10
413066;Enedis;2019;E;773050103;MONTEREAU-FAULT-YONNE;44 SQUARE BEAUMARCHAIS;R;2,393545e+01;11
413067;Enedis;2019;E;773050103;MONTEREAU-FAULT-YONNE;2 RUE RACINE;R;3,376193e+01;20
413068;Enedis;2019;E;773050103;MONTEREAU-FAULT-YONNE;6 RUE DESCARTES;R;3,812668e+01;16
413069;Enedis;2019;E;773050103;MONTEREAU-FAULT-YONNE;24 RUE DE PAREDES;R;5,720712e+01;30
413070;Enedis;2019;E;773050103;MONTEREAU-FAULT-YONNE;4 PLACE DU GENERAL BERTRAND;R;2,587721e+01;18
413071;Enedis;2019;E;773050103;MONTEREAU-FAULT-YONNE;2 RUE DESCARTES;R;4,783114e+01;17
413072;Enedis;2019;E;773050103;MONTEREAU-FAULT-YONNE;7 RUE DE PAREDES;R;3,547657e+01;23
413073;Enedis;2019;E;773050103;MONTEREAU-FAULT-YONNE;2 RUE EDMOND ROSTAND;R;3,405125e+01;44
413074;Enedis;2019;E;773050103;MONTEREAU-FAULT-YONNE;2 RUE D OTLEY;R;2,842802e+01;17
413075;Enedis;2019;E;773050103;MONTEREAU-FAULT-YONNE;12 BOULEVARD DIDEROT;R;3,587024e+01;23
413076;Enedis;2019;E;773050103;MONTEREAU-FAULT-YONNE;1 RUE D OTLEY;R;3,518399e+01;17
413077;Enedis;2019;E;773050103;MONTEREAU-FAULT-YONNE;5 RUE DE PAREDES;R;2,552536e+01;15
413078;Enedis;2019;E;773050103;MONTEREAU-FAULT-YONNE;52 SQUARE BEAUMARCHAIS;R;3,938800e+01;12
413079;Enedis;2019;E;773050103;MONTEREAU-FAULT-YONNE;12 RUE RACINE;R;3,148104e+01;10
413080;Enedis;2019;E;773050103;MONTEREAU-FAULT-YONNE;8 PLACE DU GENERAL BERTRAND;R;3,414112e+01;19
413081;Enedis;2019;E;773050103;MONTEREAU-FAULT-YONNE;38 SQUARE BEAUMARCHAIS;R;5,998440e+01;17
413082;Enedis;2019;E;773050103;MONTEREAU-FAULT-YONNE;40 SQUARE BEAUMARCHAIS;R;6,955977e+01;18
413083;Enedis;2019;E;773050103;MONTEREAU-FAULT-YONNE;3 RUE D OTLEY;R;2,607599e+01;16
413084;Enedis;2019;E;773050103;MONTEREAU-FAULT-YONNE;46 SQUARE BEAUMARCHAIS;R;6,551827e+01;18
413085;Enedis;2019;E;773050103;MONTEREAU-FAULT-YONNE;4 BOULEVARD DIDEROT;R;2,359312e+01;16
413086;Enedis;2019;E;773050103;MONTEREAU-FAULT-YONNE;8 RUE DESCARTES;R;4,007113e+01;12
413087;Enedis;2019;E;773050103;MONTEREAU-FAULT-YONNE;4 RUE DESCARTES;R;3,695596e+01;15
413088;Enedis;2019;E;773050103;MONTEREAU-FAULT-YONNE;42 SQUARE BEAUMARCHAIS;R;5,847290e+01;17
413089;Enedis;2019;E;773050103;MONTEREAU-FAULT-YONNE;6 PLACE DU GENERAL BERTRAND;R;4,045615e+01;19
413090;Enedis;2019;E;773050103;MONTEREAU-FAULT-YONNE;1 PLACE DU GENERAL DELORT;R;3,159229e+01;12
413091;Enedis;2019;E;773050103;MONTEREAU-FAULT-YONNE;48 SQUARE BEAUMARCHAIS;R;8,232138e+01;21
413092;Enedis;2019;E;773050103;MONTEREAU-FAULT-YONNE;2 PLACE DU GENERAL BERTRAND;R;3,277355e+01;17
413093;Enedis;2019;E;773050103;MONTEREAU-FAULT-YONNE;10 PLACE DU GENERAL BERTRAND;R;2,530578e+01;16
413094;Enedis;2019;E;773050103;MONTEREAU-FAULT-YONNE;45 SQUARE BEAUMARCHAIS;T;4,305187e+01;1
413095;Enedis;2019;E;773050103;MONTEREAU-FAULT-YONNE;1 RUE EDMOND ROSTAND;T;6,381034e+01;1
413096;Enedis;2019;E;773050104;MONTEREAU-FAULT-YONNE;14 RUE FLEUR BEGNE;R;1,542343e+01;10
413097;Enedis;2019;E;773050104;MONTEREAU-FAULT-YONNE;12 RUE JULES FERRY;R;3,231131e+01;14
413098;Enedis;2019;E;773050104;MONTEREAU-FAULT-YONNE;3 RUE DES CHESNOIS;R;2,155999e+01;10
413099;Enedis;2019;E;773050104;MONTEREAU-FAULT-YONNE;9 RUE DES CHESNOIS;R;1,798882e+01;10
413100;Enedis;2019;E;773050104;MONTEREAU-FAULT-YONNE;7 RUE DU CLOS DION;R;1,512707e+01;10
413101;Enedis;2019;E;773050104;MONTEREAU-FAULT-YONNE;11 RUE DU CLOS DION;R;1,720661e+01;10
413102;Enedis;2019;E;773050104;MONTEREAU-FAULT-YONNE;15 RUE DU CLOS DION;R;1,505691e+01;10
413103;Enedis;2019;E;773050104;MONTEREAU-FAULT-YONNE;4 RUE FLEUR BEGNE;R;2,468812e+01;10
413104;Enedis;2019;E;773050104;MONTEREAU-FAULT-YONNE;2 RUE DES GRES;R;1,580692e+01;10
413105;Enedis;2019;E;773050104;MONTEREAU-FAULT-YONNE;3 RUE FLEUR BEGNE;R;2,064519e+01;10
413106;Enedis;2019;E;773050104;MONTEREAU-FAULT-YONNE;28 RUE FLEUR BEGNE;R;2,548323e+01;10
413107;Enedis;2019;E;773050104;MONTEREAU-FAULT-YONNE;6 RUE DES GRES;R;2,232375e+01;10
413108;Enedis;2019;E;773050104;MONTEREAU-FAULT-YONNE;1 AVENUE MOLIERE;R;2,145368e+02;129
413109;Enedis;2019;E;773050104;MONTEREAU-FAULT-YONNE;1 RUE DES CHESNOIS;R;1,600129e+01;10
413110;Enedis;2019;E;773050104;MONTEREAU-FAULT-YONNE;6 RUE FLEUR BEGNE;R;1,890838e+01;10
413111;Enedis;2019;E;773050104;MONTEREAU-FAULT-YONNE;26 RUE FLEUR BEGNE;R;1,627757e+01;10
413112;Enedis;2019;E;773050104;MONTEREAU-FAULT-YONNE;17 RUE DES CHESNOIS;R;1,185575e+01;10
413113;Enedis;2019;E;773050104;MONTEREAU-FAULT-YONNE;8 AVENUE DE LA LIBERTE;R;1,161206e+02;58
413114;Enedis;2019;E;773050104;MONTEREAU-FAULT-YONNE;10 RUE DES GRES;R;2,524673e+01;10
413115;Enedis;2019;E;773050104;MONTEREAU-FAULT-YONNE;11 RUE DES CHESNOIS;R;1,845940e+01;10
413116;Enedis;2019;E;773050104;MONTEREAU-FAULT-YONNE;21 RUE DU CLOS DION;R;1,901967e+01;10
413117;Enedis;2019;E;773050104;MONTEREAU-FAULT-YONNE;14 RUE DES GRES;R;1,782529e+01;10
413118;Enedis;2019;E;773050104;MONTEREAU-FAULT-YONNE;9 RUE DU CLOS DION;R;1,591463e+01;10
413119;Enedis;2019;E;773050104;MONTEREAU-FAULT-YONNE;7 RUE DES CHESNOIS;R;1,628220e+01;10
413120;Enedis;2019;E;773050104;MONTEREAU-FAULT-YONNE;11 RUE ANATOLE FRANCE;R;2,584182e+01;20
413121;Enedis;2019;E;773050104;MONTEREAU-FAULT-YONNE;5 RUE DES CHESNOIS;R;2,080816e+01;10
413122;Enedis;2019;E;773050104;MONTEREAU-FAULT-YONNE;2 RUE FLEUR BEGNE;R;1,099776e+01;10
413123;Enedis;2019;E;773050104;MONTEREAU-FAULT-YONNE;4 RUE DES GRES;R;1,915959e+01;10
413124;Enedis;2019;E;773050104;MONTEREAU-FAULT-YONNE;13 RUE DU CLOS DION;R;1,412842e+01;10
413125;Enedis;2019;E;773050104;MONTEREAU-FAULT-YONNE;8 BOULEVARD DIDEROT;R;3,106498e+01;23
413126;Enedis;2019;E;773050104;MONTEREAU-FAULT-YONNE;12 RUE FLEUR BEGNE;R;1,590386e+01;10
413127;Enedis;2019;E;773050104;MONTEREAU-FAULT-YONNE;23 RUE DES CHESNOIS;R;2,214434e+01;10
413128;Enedis;2019;E;773050104;MONTEREAU-FAULT-YONNE;8 RUE FLEUR BEGNE;R;1,925173e+01;10
413129;Enedis;2019;E;773050104;MONTEREAU-FAULT-YONNE;2 RUE DES CHESNOIS;R;1,272325e+01;16
413130;Enedis;2019;E;773050104;MONTEREAU-FAULT-YONNE;1 RUE DU CLOS DION;R;2,115592e+01;10
413131;Enedis;2019;E;773050104;MONTEREAU-FAULT-YONNE;13 RUE ANATOLE FRANCE;R;3,492084e+01;20
413132;Enedis;2019;E;773050104;MONTEREAU-FAULT-YONNE;21 RUE DES CHESNOIS;R;1,711735e+01;10
413133;Enedis;2019;E;773050104;MONTEREAU-FAULT-YONNE;13 RUE DES CHESNOIS;R;1,719660e+01;10
413134;Enedis;2019;E;773050104;MONTEREAU-FAULT-YONNE;5 RUE DU CLOS DION;R;1,738593e+01;10
413135;Enedis;2019;E;773050104;MONTEREAU-FAULT-YONNE;24 RUE FLEUR BEGNE;R;1,788034e+01;10
413136;Enedis;2019;E;773050104;MONTEREAU-FAULT-YONNE;4 RUE DES CHESNOIS;R;1,358698e+01;10
413137;Enedis;2019;E;773050104;MONTEREAU-FAULT-YONNE;16 RUE DES GRES;R;1,889815e+01;10
413138;Enedis;2019;E;773050104;MONTEREAU-FAULT-YONNE;20 RUE FLEUR BEGNE;R;1,362558e+01;10
413139;Enedis;2019;E;773050104;MONTEREAU-FAULT-YONNE;8 RUE DES GRES;R;2,918836e+01;10
413140;Enedis;2019;E;773050104;MONTEREAU-FAULT-YONNE;19 RUE DES CHESNOIS;R;1,528034e+01;10
413141;Enedis;2019;E;773050104;MONTEREAU-FAULT-YONNE;1 RUE FLEUR BEGNE;R;1,482849e+01;10
413142;Enedis;2019;E;773050104;MONTEREAU-FAULT-YONNE;22 RUE FLEUR BEGNE;R;1,958401e+01;10
413143;Enedis;2019;E;773050104;MONTEREAU-FAULT-YONNE;25 RUE DES CHESNOIS;R;1,496954e+01;10
413144;Enedis;2019;E;773050104;MONTEREAU-FAULT-YONNE;1 RUE DES GRES;R;1,677458e+02;91
413145;Enedis;2019;E;773050104;MONTEREAU-FAULT-YONNE;27 RUE DES CHESNOIS;R;2,607854e+01;10
413146;Enedis;2019;E;773050104;MONTEREAU-FAULT-YONNE;10 RUE JULES FERRY;R;4,064791e+01;16
413147;Enedis;2019;E;773050104;MONTEREAU-FAULT-YONNE;3 RUE TRAVERSIERE;R;3,521089e+01;11
413148;Enedis;2019;E;773050104;MONTEREAU-FAULT-YONNE;3 RUE DU CLOS DION;R;1,618196e+01;10
413149;Enedis;2019;E;773050104;MONTEREAU-FAULT-YONNE;3 RUE JEAN BOUIN;R;2,270975e+02;126
413150;Enedis;2019;E;773050104;MONTEREAU-FAULT-YONNE;19 RUE DU CLOS DION;R;1,588724e+01;10
413151;Enedis;2019;E;773050104;MONTEREAU-FAULT-YONNE;9 RUE ANATOLE FRANCE;R;2,765498e+01;20
413152;Enedis;2019;E;773050104;MONTEREAU-FAULT-YONNE;12 RUE DES GRES;R;2,191037e+01;10
413153;Enedis;2019;E;773050104;MONTEREAU-FAULT-YONNE;5 RUE FLEUR BEGNE;R;1,666642e+01;10
413154;Enedis;2019;E;773050104;MONTEREAU-FAULT-YONNE;1 AVENUE DE LA LIBERTE;T;7,996283e+01;1
413155;Enedis;2019;E;773050104;MONTEREAU-FAULT-YONNE;2 PLACE JEAN XXIII;T;3,533000e+00;1
413156;Enedis;2019;E;773050104;MONTEREAU-FAULT-YONNE;2 RUE DU CLOS DION;T;6,471886e+01;1
413157;Enedis;2019;E;773050104;MONTEREAU-FAULT-YONNE;3 RUE JEAN BOUIN;T;1,092464e+02;1
413158;Enedis;2019;E;773050105;MONTEREAU-FAULT-YONNE;1 PLACE DE BOULAINS;R;2,204132e+01;10
413159;Enedis;2019;E;773050105;MONTEREAU-FAULT-YONNE;7 PLACE DE BOULAINS;R;1,886282e+01;10
413160;Enedis;2019;E;773050105;MONTEREAU-FAULT-YONNE;6 PLACE DE BOULAINS;R;2,346770e+01;10
413161;Enedis;2019;E;773050105;MONTEREAU-FAULT-YONNE;60 B AVENUE DE SURVILLE;R;4,839149e+01;27
413162;Enedis;2019;E;773050105;MONTEREAU-FAULT-YONNE;4 PLACE DE BOULAINS;R;1,449480e+01;10
413163;Enedis;2019;E;773050105;MONTEREAU-FAULT-YONNE;8 PLACE DE BOULAINS;R;2,006301e+01;10
413164;Enedis;2019;E;773050105;MONTEREAU-FAULT-YONNE;1 AVENUE DU LYCEE;R;6,586627e+01;54
413165;Enedis;2019;E;773050105;MONTEREAU-FAULT-YONNE;35 AVENUE DE SURVILLE;R;4,777012e+01;19
413166;Enedis;2019;E;773050105;MONTEREAU-FAULT-YONNE;19 RUE DE PROVINS;R;4,458139e+01;12
413167;Enedis;2019;E;773050105;MONTEREAU-FAULT-YONNE;37 AVENUE DE SURVILLE;R;3,778064e+01;19
413168;Enedis;2019;E;773050105;MONTEREAU-FAULT-YONNE;5 PLACE DE BOULAINS;R;1,829103e+01;10
413169;Enedis;2019;E;773050105;MONTEREAU-FAULT-YONNE;11 T RUE DES GRANDES BERGES;R;2,558547e+01;11
413170;Enedis;2019;E;773050105;MONTEREAU-FAULT-YONNE;57 RUE DE PROVINS;R;4,741506e+01;12
413171;Enedis;2019;E;773050105;MONTEREAU-FAULT-YONNE;3 PLACE DE BOULAINS;R;2,118246e+01;10
413172;Enedis;2019;E;773050105;MONTEREAU-FAULT-YONNE;1 AVENUE DU LYCEE;T;1,330519e+02;1
413173;Enedis;2019;E;773050105;MONTEREAU-FAULT-YONNE;17 AVENUE DE LA COLLINE SAINT MARTIN;T;8,100984e+01;1
413174;Enedis;2019;E;773050105;MONTEREAU-FAULT-YONNE;4 RUE HENRI BARBUSSE;T;2,109782e+02;1
413175;Enedis;2019;E;773050201;MONTEREAU-FAULT-YONNE;1 RUE DES SECHERONS;I;8,734413e+02;1
413176;Enedis;2019;E;773050201;MONTEREAU-FAULT-YONNE;12 RUE DES PRES SAINT MARTIN;I;8,400100e+01;1
413177;Enedis;2019;E;773050201;MONTEREAU-FAULT-YONNE;4 RUE DU PHARLE;I;6,840100e+01;1
413178;Enedis;2019;E;773050201;MONTEREAU-FAULT-YONNE;15 RUE DE LA GRANDE HAIE;I;8,867650e+01;1
413179;Enedis;2019;E;773050201;MONTEREAU-FAULT-YONNE;1 BOULEVARD DES FOSSES SAINT MAURICE;R;7,591497e+01;11
413180;Enedis;2019;E;773050201;MONTEREAU-FAULT-YONNE;24 RUE DE LA GRANDE HAIE;T;3,610612e+02;1
413181;Enedis;2019;E;773050201;MONTEREAU-FAULT-YONNE;13 RUE DE LA GRANDE HAIE;T;7,313667e+01;1
413182;Enedis;2019;E;773050201;MONTEREAU-FAULT-YONNE;7 RUE DU PHARLE;T;7,498670e+00;1
413183;Enedis;2019;E;773050201;MONTEREAU-FAULT-YONNE;4 RUE DES CLOMARTS;T;7,519749e+01;1
413184;Enedis;2019;E;773050201;MONTEREAU-FAULT-YONNE;30 RUE DE LA GRANDE HAIE;T;2,532101e+02;1
413185;Enedis;2019;E;773050201;MONTEREAU-FAULT-YONNE;8 RUE DU PHARLE;T;1,645850e+02;1
413186;Enedis;2019;E;773050201;MONTEREAU-FAULT-YONNE;9 RUE DE LA GRANDE HAIE;T;2,625700e+02;1
413187;Enedis;2019;E;773050201;MONTEREAU-FAULT-YONNE;14 ROUTE DE BRAY;T;2,670285e+02;1
413188;Enedis;2019;E;773050201;MONTEREAU-FAULT-YONNE;2 RUE DU PHARLE;T;6,267670e+01;1
413189;Enedis;2019;E;773050201;MONTEREAU-FAULT-YONNE;3 ROUTE DE SENS;T;1,910865e+02;1
413190;Enedis;2019;E;773050201;MONTEREAU-FAULT-YONNE;8 RUE DES PRES SAINT MARTIN;T;4,853698e+01;1
413191;Enedis;2019;E;773050201;MONTEREAU-FAULT-YONNE;16 RUE DE LA GRANDE HAIE;T;1,572892e+02;2
413192;Enedis;2019;E;773050201;MONTEREAU-FAULT-YONNE;2 RUE DES SECHERONS;T;3,638650e+00;1
413193;Enedis;2019;E;773050201;MONTEREAU-FAULT-YONNE;8 RUE DE LA GRANDE HAIE;T;3,330913e+01;1
413194;Enedis;2019;E;773050201;MONTEREAU-FAULT-YONNE;3 RUE DU PHARLE;T;1,715400e-01;1
413195;RTE;2019;E;773050201;MONTEREAU-FAULT-YONNE;NON RENSEIGNE;I;3,555070e+05;3
413196;Enedis;2019;E;773050202;MONTEREAU-FAULT-YONNE;23 RUE DE VARENNES;R;1,392679e+01;10
413197;Enedis;2019;E;773050202;MONTEREAU-FAULT-YONNE;11 RUE DE LA PEPINIERE ROYALE;R;7,559231e+01;12
413198;Enedis;2019;E;773050202;MONTEREAU-FAULT-YONNE;13 RUE DE LA SOLIDARITE;R;1,331875e+02;80
413199;Enedis;2019;E;773050202;MONTEREAU-FAULT-YONNE;27 RUE ETIENNE THIBAULT;R;4,362403e+01;16
413200;Enedis;2019;E;773050202;MONTEREAU-FAULT-YONNE;8 RUE DU 8 MAI 1945;R;4,278926e+01;12
413201;Enedis;2019;E;773050202;MONTEREAU-FAULT-YONNE;7 PROMENADE DES MESSIEURS;R;8,438132e+01;19
413202;Enedis;2019;E;773050202;MONTEREAU-FAULT-YONNE;5 RUE DES FAUVETTES;R;1,588774e+01;10
413203;Enedis;2019;E;773050202;MONTEREAU-FAULT-YONNE;57 RUE LEO LAGRANGE;R;4,024442e+01;22
413204;Enedis;2019;E;773050202;MONTEREAU-FAULT-YONNE;18 RUE DES ENFANTS;R;1,974099e+01;12
413205;Enedis;2019;E;773050202;MONTEREAU-FAULT-YONNE;6 PROMENADE DES MESSIEURS;R;1,315676e+02;29
413206;Enedis;2019;E;773050202;MONTEREAU-FAULT-YONNE;1 RUE DES ENFANTS;R;1,303044e+01;10
413207;Enedis;2019;E;773050202;MONTEREAU-FAULT-YONNE;4 RUE GUE PUCELLE;R;2,260875e+01;17
413208;Enedis;2019;E;773050202;MONTEREAU-FAULT-YONNE;5 PROMENADE DES MESSIEURS;R;1,712835e+02;32
413209;Enedis;2019;E;773050202;MONTEREAU-FAULT-YONNE;3 PROMENADE DES MESSIEURS;R;1,759559e+02;34
413210;Enedis;2019;E;773050202;MONTEREAU-FAULT-YONNE;8 BOULEVARD DES MESSIEURS;R;5,623242e+01;55
413211;Enedis;2019;E;773050202;MONTEREAU-FAULT-YONNE;10 BOULEVARD DES MESSIEURS;R;4,323278e+01;36
413212;Enedis;2019;E;773050202;MONTEREAU-FAULT-YONNE;3 RUE DES FAUVETTES;R;1,296277e+01;10
413213;Enedis;2019;E;773050202;MONTEREAU-FAULT-YONNE;5 RUE GUE PUCELLE;R;5,929780e+01;12
413214;Enedis;2019;E;773050202;MONTEREAU-FAULT-YONNE;53 RUE LEO LAGRANGE;R;2,647668e+01;14
413215;Enedis;2019;E;773050202;MONTEREAU-FAULT-YONNE;2 RUE DES ENFANTS;R;1,103716e+01;10
413216;Enedis;2019;E;773050202;MONTEREAU-FAULT-YONNE;13 RUE DES ENFANTS;R;1,911291e+01;10
413217;Enedis;2019;E;773050202;MONTEREAU-FAULT-YONNE;10 RUE DU 8 MAI 1945;R;7,900680e+01;15
413218;Enedis;2019;E;773050202;MONTEREAU-FAULT-YONNE;14 RUE DES ENFANTS;R;2,565017e+01;14
413219;Enedis;2019;E;773050202;MONTEREAU-FAULT-YONNE;9 RUE DES ENFANTS;R;1,775057e+01;10
413220;Enedis;2019;E;773050202;MONTEREAU-FAULT-YONNE;39 RUE ETIENNE THIBAULT;R;7,303118e+01;11
413221;Enedis;2019;E;773050202;MONTEREAU-FAULT-YONNE;12 RUE DES ENFANTS;R;2,211104e+01;14
413222;Enedis;2019;E;773050202;MONTEREAU-FAULT-YONNE;4 PROMENADE DES MESSIEURS;R;8,193860e+01;18
413223;Enedis;2019;E;773050202;MONTEREAU-FAULT-YONNE;6 RUE DU 8 MAI 1945;R;9,257239e+01;16
413224;Enedis;2019;E;773050202;MONTEREAU-FAULT-YONNE;25 RUE DE VARENNES;R;1,253657e+01;10
413225;Enedis;2019;E;773050202;MONTEREAU-FAULT-YONNE;4 RUE DES DEMOISELLES;R;1,560722e+01;10
413226;Enedis;2019;E;773050202;MONTEREAU-FAULT-YONNE;55 RUE LEO LAGRANGE;R;3,222819e+01;20
413227;Enedis;2019;E;773050202;MONTEREAU-FAULT-YONNE;2 PROMENADE DES MESSIEURS;R;1,389580e+02;32
413228;Enedis;2019;E;773050202;MONTEREAU-FAULT-YONNE;16 RUE DES ENFANTS;R;2,389571e+01;14
413229;Enedis;2019;E;773050202;MONTEREAU-FAULT-YONNE;3 RUE DES ENFANTS;R;2,193094e+01;10
413230;Enedis;2019;E;773050202;MONTEREAU-FAULT-YONNE;54 AVENUE DU GENERAL DE GAULLE;R;9,414889e+01;15
413231;Enedis;2019;E;773050202;MONTEREAU-FAULT-YONNE;21 RUE DE VARENNES;R;1,084103e+01;10
413232;Enedis;2019;E;773050202;MONTEREAU-FAULT-YONNE;2 RUE DES DEMOISELLES;R;7,632260e+00;10
413233;Enedis;2019;E;773050202;MONTEREAU-FAULT-YONNE;5 RUE DES ENFANTS;R;1,417597e+01;10
413234;Enedis;2019;E;773050202;MONTEREAU-FAULT-YONNE;4 RUE DES ENFANTS;R;8,039650e+00;10
413235;Enedis;2019;E;773050202;MONTEREAU-FAULT-YONNE;11 RUE DES DAMES;R;4,641540e+01;10
413236;Enedis;2019;E;773050202;MONTEREAU-FAULT-YONNE;39 B RUE GUE PUCELLE;R;7,633619e+01;43
413237;Enedis;2019;E;773050202;MONTEREAU-FAULT-YONNE;7 RUE DES ENFANTS;R;1,976969e+01;10
413238;Enedis;2019;E;773050202;MONTEREAU-FAULT-YONNE;15 RUE DU CHATELET;R;2,145156e+01;13
413239;Enedis;2019;E;773050202;MONTEREAU-FAULT-YONNE;11 RUE DES ENFANTS;R;1,566602e+01;10
413240;Enedis;2019;E;773050202;MONTEREAU-FAULT-YONNE;4 RUE ETIENNE DOLET;R;7,342984e+01;13
413241;Enedis;2019;E;773050202;MONTEREAU-FAULT-YONNE;51 RUE LEO LAGRANGE;T;6,212929e+01;1
413242;Enedis;2019;E;773050202;MONTEREAU-FAULT-YONNE;1 RUE DE LA PEPINIERE ROYALE;T;1,168281e+02;1
413243;Enedis;2019;E;773050202;MONTEREAU-FAULT-YONNE;5 RUE DU CHATELET;T;7,486632e+01;1
413244;Enedis;2019;E;773050202;MONTEREAU-FAULT-YONNE;29 AVENUE DU GENERAL DE GAULLE;T;5,613968e+01;1
413245;Enedis;2019;E;773050202;MONTEREAU-FAULT-YONNE;36 RUE DU PETIT VAUGIRARD;T;3,314375e+02;1
413246;Enedis;2019;E;773050202;MONTEREAU-FAULT-YONNE;10 RUE ETIENNE THIBAULT;T;5,558204e+01;1
413247;Enedis;2019;E;773050203;MONTEREAU-FAULT-YONNE;6 AVENUE DU MAL DE LATTRE DE TASSIGNY;I;3,198007e+01;1
413248;Enedis;2019;E;773050203;MONTEREAU-FAULT-YONNE;53 RUE JEAN JAURES;I;1,376069e+02;1
413249;Enedis;2019;E;773050203;MONTEREAU-FAULT-YONNE;1 B RUE VICTOR HUGO;I;9,734207e+01;1
413250;Enedis;2019;E;773050203;MONTEREAU-FAULT-YONNE;6 RUE DE L ANCIENNE PIPERIE;R;2,645811e+01;18
413251;Enedis;2019;E;773050203;MONTEREAU-FAULT-YONNE;5 BOULEVARD DE LA REPUBLIQUE;R;1,002106e+02;25
413252;Enedis;2019;E;773050203;MONTEREAU-FAULT-YONNE;4 PLACE DU CALVAIRE;R;1,079946e+01;10
413253;Enedis;2019;E;773050203;MONTEREAU-FAULT-YONNE;12 RUE VICTOR HUGO;R;5,660463e+01;10
413254;Enedis;2019;E;773050203;MONTEREAU-FAULT-YONNE;22 B BOULEVARD CHEREAU;R;1,381141e+01;11
413255;Enedis;2019;E;773050203;MONTEREAU-FAULT-YONNE;6 RUE ALFRED NODET;R;1,142336e+02;23
413256;Enedis;2019;E;773050203;MONTEREAU-FAULT-YONNE;7 RUE EDMOND FORTIN;R;8,636673e+01;18
413257;Enedis;2019;E;773050203;MONTEREAU-FAULT-YONNE;23 RUE DE L YONNE;R;1,451283e+02;22
413258;Enedis;2019;E;773050203;MONTEREAU-FAULT-YONNE;7 RUE DE LA FAIENCERIE;R;2,589536e+01;15
413259;Enedis;2019;E;773050203;MONTEREAU-FAULT-YONNE;2 PLACE DU CALVAIRE;R;1,896055e+01;17
413260;Enedis;2019;E;773050203;MONTEREAU-FAULT-YONNE;8 RUE DES CHANGES;R;5,929169e+01;15
413261;Enedis;2019;E;773050203;MONTEREAU-FAULT-YONNE;4 RUE DE L ANCIENNE PIPERIE;R;2,843128e+01;18
413262;Enedis;2019;E;773050203;MONTEREAU-FAULT-YONNE;93 RUE JEAN JAURES;R;5,965433e+01;10
413263;Enedis;2019;E;773050203;MONTEREAU-FAULT-YONNE;11 BOULEVARD DE LA REPUBLIQUE;R;2,293494e+02;44
413264;Enedis;2019;E;773050203;MONTEREAU-FAULT-YONNE;14 BOULEVARD CRETTE PREIGNARD;R;1,406260e+01;11
413265;Enedis;2019;E;773050203;MONTEREAU-FAULT-YONNE;7 RUE VICTOR HUGO;R;2,598101e+01;16
413266;Enedis;2019;E;773050203;MONTEREAU-FAULT-YONNE;16 RUE DES FOSSES;R;4,102740e+01;10
413267;Enedis;2019;E;773050203;MONTEREAU-FAULT-YONNE;1 AVENUE DU MARECHAL JUIN;R;6,888980e+01;11
413268;Enedis;2019;E;773050203;MONTEREAU-FAULT-YONNE;3 RUE ALFRED NODET;R;8,530621e+01;15
413269;Enedis;2019;E;773050203;MONTEREAU-FAULT-YONNE;9 RUE PAUL DELAIR;R;5,331969e+01;11
413270;Enedis;2019;E;773050203;MONTEREAU-FAULT-YONNE;12 AVENUE DU MAL DE LATTRE DE TASSIGNY;R;1,087173e+02;16
413271;Enedis;2019;E;773050203;MONTEREAU-FAULT-YONNE;32 RUE LEO LAGRANGE;R;7,436506e+01;14
413272;Enedis;2019;E;773050203;MONTEREAU-FAULT-YONNE;3 RUE DE LA FAIENCERIE;R;3,960972e+01;15
413273;Enedis;2019;E;773050203;MONTEREAU-FAULT-YONNE;5 RUE DE LA FAIENCERIE;R;2,511766e+01;14
413274;Enedis;2019;E;773050203;MONTEREAU-FAULT-YONNE;20 RUE DU PETIT VAUGIRARD;R;1,313247e+02;28
413275;Enedis;2019;E;773050203;MONTEREAU-FAULT-YONNE;4 RUE DES RECOLLETS;R;3,409706e+01;10
413276;Enedis;2019;E;773050203;MONTEREAU-FAULT-YONNE;61 RUE JEAN JAURES;R;4,706295e+01;11
413277;Enedis;2019;E;773050203;MONTEREAU-FAULT-YONNE;1 RUE DE LA FAIENCERIE;R;2,932543e+01;16
413278;Enedis;2019;E;773050203;MONTEREAU-FAULT-YONNE;8 RUE DE L ANCIENNE PIPERIE;R;2,462447e+01;18
413279;Enedis;2019;E;773050203;MONTEREAU-FAULT-YONNE;30 RUE LEO LAGRANGE;R;1,259075e+02;24
413280;Enedis;2019;E;773050203;MONTEREAU-FAULT-YONNE;38 RUE JEAN JAURES;R;6,178571e+01;14
413281;Enedis;2019;E;773050203;MONTEREAU-FAULT-YONNE;10 B RUE VICTOR HUGO;R;1,553526e+02;28
413282;Enedis;2019;E;773050203;MONTEREAU-FAULT-YONNE;21 PLACE DU COLONEL FABIEN;R;5,215866e+01;11
413283;Enedis;2019;E;773050203;MONTEREAU-FAULT-YONNE;8 RUE ALFRED NODET;R;8,881644e+01;17
413284;Enedis;2019;E;773050203;MONTEREAU-FAULT-YONNE;7 B RUE EDMOND FORTIN;R;1,416724e+02;26
413285;Enedis;2019;E;773050203;MONTEREAU-FAULT-YONNE;14 AVENUE DU MAL DE LATTRE DE TASSIGNY;R;1,568938e+02;36
413286;Enedis;2019;E;773050203;MONTEREAU-FAULT-YONNE;20 RUE DES FOSSES;R;9,137726e+01;16
413287;Enedis;2019;E;773050203;MONTEREAU-FAULT-YONNE;7 B RUE VICTOR HUGO;R;4,182916e+01;19
413288;Enedis;2019;E;773050203;MONTEREAU-FAULT-YONNE;4 RUE ALFRED NODET;R;9,178869e+01;17
413289;Enedis;2019;E;773050203;MONTEREAU-FAULT-YONNE;17 RUE DU PETIT VAUGIRARD;R;5,941193e+01;10
413290;Enedis;2019;E;773050203;MONTEREAU-FAULT-YONNE;18 BOULEVARD CRETTE PREIGNARD;R;1,411209e+01;10
413291;Enedis;2019;E;773050203;MONTEREAU-FAULT-YONNE;7 PORT DES GRAVIERS;R;4,246426e+01;10
413292;Enedis;2019;E;773050203;MONTEREAU-FAULT-YONNE;15 RUE VICTOR HUGO;T;7,370003e+01;1
413293;Enedis;2019;E;773050203;MONTEREAU-FAULT-YONNE;6 AVENUE DU GENERAL DE GAULLE;T;2,444471e+02;1
413294;Enedis;2019;E;773050203;MONTEREAU-FAULT-YONNE;5 B AVENUE DU MARECHAL LECLERC;T;2,593068e+02;1
413295;Enedis;2019;E;773050203;MONTEREAU-FAULT-YONNE;7 RUE PAUL DELAIR;T;5,450626e+01;1
413296;Enedis;2019;E;773050203;MONTEREAU-FAULT-YONNE;63 RUE JEAN JAURES;T;7,294050e+02;1
413297;Enedis;2019;E;773050203;MONTEREAU-FAULT-YONNE;3 RUE VICTOR HUGO;T;1,150222e+02;1
413298;Enedis;2019;E;773050203;MONTEREAU-FAULT-YONNE;1 B RUE VICTOR HUGO;T;2,968838e+03;1
413299;Enedis;2019;E;773050203;MONTEREAU-FAULT-YONNE;22 RUE DES ARCHES;T;7,879902e+01;1
413300;Enedis;2019;E;773050203;MONTEREAU-FAULT-YONNE;24 RUE DU PORT DES FOSSES;T;1,027595e+01;1
413301;Enedis;2019;E;773050203;MONTEREAU-FAULT-YONNE;14 RUE DES FOSSES;T;4,200074e+01;1
413302;Enedis;2019;E;773050203;MONTEREAU-FAULT-YONNE;5 AVENUE DU MARECHAL LECLERC;T;2,011415e+02;1
413303;Enedis;2019;E;773050203;MONTEREAU-FAULT-YONNE;23 RUE JEAN JAURES;T;8,825381e+01;1
413304;Enedis;2019;E;773050203;MONTEREAU-FAULT-YONNE;17 RUE DU DOCTEUR ARTHUR PETIT;T;4,370160e+01;1
413305;Enedis;2019;E;773050203;MONTEREAU-FAULT-YONNE;54 RUE JEAN JAURES;T;1,923430e+02;1
413306;Enedis;2019;E;773050203;MONTEREAU-FAULT-YONNE;19 RUE JEAN JAURES;T;3,644949e+01;1
413307;Enedis;2019;E;773050203;MONTEREAU-FAULT-YONNE;3 RUE DE LA CHARITE;T;1,507617e+01;1
413308;Enedis;2019;E;773050203;MONTEREAU-FAULT-YONNE;19 RUE PIERRE CORNEILLE;T;1,244488e+02;1
413309;Enedis;2019;E;773050203;MONTEREAU-FAULT-YONNE;20 RUE PIERRE DE MONTEREAU;T;1,120456e+02;2
413310;Enedis;2019;E;773050203;MONTEREAU-FAULT-YONNE;30 RUE JEAN JAURES;T;4,890668e+01;1
415421;Enedis;2019;E;774090000;SAINT-GERMAIN-LAVAL;5 RUE DE LA FONTAINE FROIDE;R;6,646686e+01;44
415649;Enedis;2019;E;774390000;SALINS;5 RUE DE PROVINS;T;2,484779e+02;1
415650;Enedis;2019;E;774390000;SALINS;39 RUE DE COURCELLES;T;6,448459e+01;1
415651;Enedis;2019;E;774390000;SALINS;8 LES TUILERIES;T;8,943646e+01;1
416881;Enedis;2019;E;774820000;VARENNES-SUR-SEINE;38 AVENUE ALBERT GRAVE;R;2,041967e+01;10
416882;Enedis;2019;E;774820000;VARENNES-SUR-SEINE;12 ROUTE DE CANNES;R;1,141293e+02;14
416883;Enedis;2019;E;774820000;VARENNES-SUR-SEINE;1 AVENUE ALBERT GRAVE;R;1,392035e+02;68
416884;Enedis;2019;E;774820000;VARENNES-SUR-SEINE;34 AVENUE ALBERT GRAVE;R;3,283482e+01;16
416885;Enedis;2019;E;774820000;VARENNES-SUR-SEINE;30 AVENUE ALBERT GRAVE;R;2,445815e+01;16
416886;Enedis;2019;E;774820000;VARENNES-SUR-SEINE;1 RUE LOUISE GOUNON;R;1,922855e+01;10
416887;Enedis;2019;E;774820000;VARENNES-SUR-SEINE;16 RUE MAX POL FOUCHET;R;9,946213e+01;15
416888;Enedis;2019;E;774820000;VARENNES-SUR-SEINE;2 RUE MAX POL FOUCHET;R;1,184664e+02;15
416889;Enedis;2019;E;774820000;VARENNES-SUR-SEINE;8 RUE DE MAISON ROUGE;R;4,790689e+01;10
416890;Enedis;2019;E;774820000;VARENNES-SUR-SEINE;36 AVENUE ALBERT GRAVE;R;2,948292e+01;16
416891;Enedis;2019;E;774820000;VARENNES-SUR-SEINE;28 AVENUE ALBERT GRAVE;R;2,142916e+01;16
416892;Enedis;2019;E;774820000;VARENNES-SUR-SEINE;32 AVENUE ALBERT GRAVE;R;2,232555e+01;16
416893;Enedis;2019;E;774820000;VARENNES-SUR-SEINE;24 B ROUTE DU PETIT FOSSARD;T;7,387410e+01;1
416894;Enedis;2019;E;774820000;VARENNES-SUR-SEINE;30 ROUTE DU PETIT FOSSARD;T;2,839648e+01;1
416895;Enedis;2019;E;774820000;VARENNES-SUR-SEINE;8 AVENUE DU 8 MAI 1945;T;2,434276e+02;1
416896;Enedis;2019;E;774820000;VARENNES-SUR-SEINE;6 ROUTE DE CANNES;T;7,620023e+02;2
416897;Enedis;2019;E;774820000;VARENNES-SUR-SEINE;1 AVENUE DU 8 MAI 1945;T;1,604183e+02;1
416898;Enedis;2019;E;774820000;VARENNES-SUR-SEINE;33 RUE DE LA SAUVAGERIE;T;1,185000e+02;1
416899;Enedis;2019;E;774820000;VARENNES-SUR-SEINE;24 ROUTE DU PETIT FOSSARD;T;1,610655e+02;1
416900;RTE;2019;E;774820000;VARENNES-SUR-SEINE;22 D 28;T;1,175611e+04;1
417489;Enedis;2019;E;775310000;VOULX;41 RUE PASTEUR;I;9,911650e+00;1
417490;Enedis;2019;E;775310000;VOULX;50 GRANDE RUE;I;8,867157e+01;1
417491;Enedis;2019;E;775310000;VOULX;6 RUE DE L ILE;R;1,729739e+01;10
417492;Enedis;2019;E;775310000;VOULX;31 RUE PASTEUR;T;2,194777e+01;1
417493;Enedis;2019;E;775310000;VOULX;5 ROUTE DE SAINT ANGE;T;3,082000e+00;1
417494;Enedis;2019;E;775310000;VOULX;15 RUE JULES MASSENET;T;1,837470e+02;1
